student_id,attendance_rate,homework_completion,test_score,participation,previous_gpa,at_risk
1,0.9824688566543687,0.685414948910255,64.4240948498527,7,2.647736615865231,true
2,0.7823168044178468,0.4817730929124425,89.46582863778042,5,3.2146105235189224,true
3,0.9071537256368865,0.8240529884851155,58.818975085744405,5,2.9373170298209192,true
4,0.6149397260622554,0.2367897936343517,51.40074433221463,8,2.117611602782152,true
5,1.0,0.8512195859423718,64.99749103186049,7,2.3393201040692686,true
6,1.0,0.7039908402745477,100.0,2,3.582922386230881,false
7,1.0,0.5881856629938931,74.25497188863919,7,3.3780361805262595,true
8,0.6505591567363944,0.9970604556234883,72.88777815497761,7,3.210946558502694,true
9,0.8841014070119049,0.9816378036172471,63.13995764878126,5,2.8066832494798106,true
10,0.7592606273166986,0.792703826493337,68.28947518664926,3,2.98773275387403,false
11,0.5714264813776907,0.6832564419149391,65.64059395276075,7,3.5320082936705783,true
12,0.9649579809718914,0.587749797787501,48.806027025564525,7,2.9253361569547756,true
13,0.8421165715003194,0.7729716262629795,71.15852229311585,4,2.8559121552219335,false
14,0.8072838726969761,0.9677201629376776,70.08152049373349,3,3.057523048622841,false
15,0.9026918640854643,0.7289648791802403,51.15595642728064,6,2.6919359421979925,true
16,0.7926290704595024,1.0,46.01823933286812,1,3.511242435357639,true
17,1.0,0.6582227027260259,76.87802463822645,3,2.89881716959283,false
18,0.9360654480702348,0.4867737238475897,71.48251739556153,2,3.023342211427627,true
19,0.7148976754982146,0.8498079561737862,90.93270581962432,5,3.409226904400193,false
20,0.627978554931024,0.923269983479234,76.20999992091049,5,2.4238273169860074,true
21,0.5962760250165997,0.9726779363828435,91.31039000425675,1,2.452760645044556,true
22,0.9835137129997602,1.0,41.16050394420008,6,2.285826696840182,true
23,0.8476880327892774,0.9091169002719434,78.57329121276312,2,3.6121066676231273,false
24,0.5732830013690465,0.8785717146816617,80.04462375751984,7,3.04112990943435,true
25,0.7322337177745528,0.8820133418903919,47.79323842185255,4,3.0927981456963787,true
26,0.5914867764571778,0.9141816899697112,88.79994369829916,4,2.4859198292576417,true
27,0.8870426087746708,0.7932811638381883,100.0,5,4.0,false
28,0.8867857031660621,0.6993397184444792,53.3634738228315,9,2.693502567352946,true
29,0.823170166316341,0.7836670776909472,69.40376200031406,4,3.794372345716594,false
30,0.5423610371768965,1.0,83.69281094859556,6,3.2268240236447236,true
31,0.7764540346368712,0.6172429014163865,46.9687569293634,4,2.79503165413593,true
32,0.9155633108403567,0.934887660469708,93.17308170726639,2,2.788236001663859,false
33,0.5759195946485376,1.0,75.02265424508604,8,1.823586856125696,true
34,0.8462929069019369,0.41219380624904606,51.531674245740405,4,3.848751945078563,true
35,0.8630447936391888,0.9795531678189886,66.59970179541567,1,3.085171890069525,false
36,0.7114814989801427,0.6669289023626155,96.77031693785538,1,3.7209673249385893,false
37,0.6961372622338259,0.7594949832704683,59.77967799672244,7,2.6073427207396747,true
38,0.593474156045271,0.5394008993226718,63.67869873177344,5,3.216381984737354,true
39,0.7225752858073341,0.6944465896742765,66.65879663419608,8,3.2698373526613613,false
40,1.0,0.840556487536878,93.31064546912093,2,2.3218286365643217,false
41,0.7759197296506382,0.7851932051637973,63.55502512001429,6,3.3526666254647655,true
42,0.706145504333153,0.8450999300342712,64.95790887834409,5,2.1336744791007556,true
43,0.6106515607121504,0.7848896558322296,84.41933703882566,9,2.446383993189664,true
44,0.6858044878965517,0.7797142102111203,62.346197383938716,2,3.3931859053173388,true
45,0.7550868792280259,0.478618361147546,75.61484031792257,3,2.978601782367618,true
46,0.9199563489176033,1.0,69.45838090320082,10,3.337136484305753,false
47,0.9199102455713535,0.8012303482643575,77.83958728857051,4,3.6245907113108298,false
48,0.756750336273374,1.0,93.049079440798,8,3.7208921968778017,false
49,0.9031763414963236,0.3134936737613637,56.964881318588745,8,2.467051198921147,true
50,1.0,1.0,86.33167545967316,7,3.38852966125003,false
51,0.7689353914783933,0.9021956653273236,74.18864110322905,3,3.4735363302616156,false
52,0.9042930525495724,0.9018718181860985,68.78863865039527,4,2.5239360735199385,false
53,0.6798237770280415,1.0,85.6614020213192,6,3.001154601504583,true
54,1.0,0.9047266834276013,61.57757331553944,7,2.4651761551406635,true
55,1.0,1.0,100.0,4,2.973277020819233,false
56,1.0,0.8661008982121396,77.46639851125451,2,1.7491310044289798,false
57,0.7962454641712963,1.0,67.09960161460728,1,2.6539688392058842,false
58,0.9295029397689005,0.5060126679828554,75.32055071336045,9,3.759246850879315,true
59,0.8184265886602509,0.3502558027349441,86.175497397937,10,3.6980130766473653,true
60,0.8192310490927237,0.8214819421322314,32.90519444129747,3,2.823389920326467,true
61,1.0,0.9393271497946022,69.35555318127578,7,2.4489218749391526,false
62,0.7658431124161914,0.7747037239248961,65.85318666833359,3,2.8652772764907413,false
63,0.833637165941943,0.790437479431842,64.27126528148945,4,2.8655123204267743,true
64,0.7687898310236255,0.5325581806462876,67.95481305259777,9,3.6803888359830332,true
65,0.5586122405098937,0.7664987622061821,69.74335026251374,7,3.0407440711286076,true
66,0.7032678341558715,1.0,69.9012838058191,7,2.4448436183806765,false
67,0.8656037045331731,0.754393969605312,48.94266182194758,4,1.8583853431413266,true
68,0.8376488960714784,0.6955293811247647,83.52822458628158,1,2.556930403815587,false
69,0.7958483844528932,0.7052757461535578,65.44144819124753,2,2.8781802881330356,false
70,0.9063385389259029,0.751126544984801,77.4976193198175,10,3.457963208331658,false
71,0.8825290505442775,0.7442374222498606,100.0,4,2.9825441953280385,false
72,0.6720283630770935,0.6551622898329943,73.77526694680911,8,3.1718924695592,true
73,0.7704942618864832,0.8404054363803369,81.51255107953088,8,2.542245599909003,false
74,0.5873850084872343,0.536168564651088,68.52044787807506,8,3.3123999597410667,true
75,0.5697781462935756,0.6746105288329353,70.71990288529473,1,2.109503809223858,true
76,0.8935380007919744,0.8595998566462988,74.63332105693601,7,4.0,false
77,0.7119678449999381,0.4320033422659761,94.14332192401261,2,1.807602233706688,true
78,0.7636650297169881,0.8743824967070465,61.99166499181465,7,3.087169139054808,true
79,0.7170959940569523,0.5703777104307964,81.62711272103037,10,1.796411092957038,true
80,0.6682902663158625,0.7310502550045413,89.37618549502164,5,3.9550716227522127,true
81,0.7645633532814645,0.7019445779909067,78.27945191952732,10,3.374830156600576,false
82,0.6110564176456397,0.9652557145158496,72.11633089685296,10,3.039057098906899,true
83,0.6670297365146993,0.9114570355669324,83.45216920013218,8,2.9625916429091963,true
84,0.6918176339752253,0.9658196470199952,80.36912219825345,5,3.395000763309456,true
85,0.8031680361267358,0.5185628677879809,51.29077015160131,8,2.3480973877917286,true
86,0.8202773932943929,0.4271771201710077,72.73270126720028,6,2.4581300206377454,true
87,0.9910954681687161,0.9456474253380349,86.29682199149835,4,2.792019322646577,false
88,0.5206425784658082,1.0,90.07779638171209,1,1.429911187537074,true
89,0.9193427224564698,0.5630872346362186,78.44296943040112,8,3.1849712640876997,true
90,0.7682502041336114,0.7992637814938002,57.48341304862083,6,1.7722136033377338,true
91,0.5154609593098283,1.0,66.32716936709164,3,3.636329537846556,true
92,0.6720419316446167,0.5807802469864624,68.85600562909576,6,2.4925355773344267,true
93,0.7396257559980789,0.6739989568952048,85.82010214998508,9,3.2976750453490387,false
94,0.7788889445824791,0.7489916881671282,90.49658066287955,5,3.2722495100859654,false
95,0.8634051120353541,0.6351455234196437,61.20913687593348,2,3.378796658288676,true
96,0.6101946431189266,0.793444019162621,67.46512489439242,5,2.24587844582655,true
97,0.6148414975606603,0.940352210541575,97.79407464017153,1,3.007373919473647,true
98,0.8982290459130237,0.8377006006774875,61.05132975068326,8,3.2394192951628153,true
99,0.8997286141598934,0.5209099662735851,78.36955972423705,10,3.5432476554381713,true
100,0.767289682158905,0.9376909012436005,62.96667915997378,3,2.8662020708884053,true
